<?xml version="1.0" encoding="utf-8"?>
<Return xmlns:efile="http://www.irs.gov/efile" xmlns:xsd="http://www.w3.org/2001/XMLSchema" xmlns="http://www.irs.gov/efile" returnVersion="2014v3.0">
  <ReturnHeader binaryAttachmentCnt="0">
    <ReturnTypeCd>940</ReturnTypeCd>
    <ReturnTs>2015-01-28T05:04:33-08:00</ReturnTs>
    <SoftwareId>14000061</SoftwareId>
    <MultSoftwarePackagesUsedInd>1</MultSoftwarePackagesUsedInd>
    <TaxYr>2014</TaxYr>
    <Filer>
      <EIN>465213908</EIN>
      <BusinessName>
        <BusinessNameLine1Txt>Tamarack Media Cooperative Inc</BusinessNameLine1Txt>
      </BusinessName>
      <TradeName>
        <BusinessNameLine1Txt>Tamarack Media Cooperative Inc</BusinessNameLine1Txt>
      </TradeName>
      <BusinessNameControlTxt>TAMA</BusinessNameControlTxt>
      <InCareOfNm>% &amp;</InCareOfNm>
      <USAddress>
        <AddressLine1Txt>209 College Street 3W</AddressLine1Txt>
        <CityNm>Burlington</CityNm>
        <StateAbbreviationCd>VT</StateAbbreviationCd>
        <ZIPCd>05401</ZIPCd>
      </USAddress>
    </Filer>
    <OriginatorGrp>
      <EFIN>918576</EFIN>
      <OriginatorTypeCd>ERO</OriginatorTypeCd>
    </OriginatorGrp>
    <PractitionerPINGrp>
      <PINEnteredByCd>ERO</PINEnteredByCd>
      <TaxpayerPIN>00091</TaxpayerPIN>
      <TaxpayerNm>Daniel</TaxpayerNm>
      <Title>Shearer</Title>
      <TaxpayerSignatureDt>2015-01-14</TaxpayerSignatureDt>
      <EFIN>918576</EFIN>
      <PractitionerPIN>00091</PractitionerPIN>
      <JuratDisclosureCd>PRACTITIONER PIN</JuratDisclosureCd>
    </PractitionerPINGrp>
    <DiscussWithThirdPartyNoInd>X</DiscussWithThirdPartyNoInd>
  </ReturnHeader>
  <ReturnData documentCnt="3">
    <IRS940_940PR documentId="IRS940940PR" documentName="IRS940_940PR">
      <MultiStateInd referenceDocumentId="IRS940ScheduleA" referenceDocumentName="IRS940ScheduleA">X</MultiStateInd>
      <CreditReductionStateInd referenceDocumentId="IRS940ScheduleA" referenceDocumentName="IRS940ScheduleA">X</CreditReductionStateInd>
      <WagesAmt>192447.16</WagesAmt>
      <ExemptWagesAmt>0.00</ExemptWagesAmt>
      <WagesOverLimitAmt>164447.16</WagesOverLimitAmt>
      <TotalExemptWagesAmt>164447.16</TotalExemptWagesAmt>
      <TotalTaxableWagesAmt>28000.00</TotalTaxableWagesAmt>
      <FUTATaxBeforeAdjustmentAmt>168.00</FUTATaxBeforeAdjustmentAmt>
      <TotalCreditReductionAmt>420.00</TotalCreditReductionAmt>
      <FUTATaxAfterAdjustmentAmt>588.00</FUTATaxAfterAdjustmentAmt>
      <TotalTaxDepositAmt>0.00</TotalTaxDepositAmt>
      <BalanceDueAmt>588.00</BalanceDueAmt>
      <FirstQuarterTaxLiabilityAmt>0.00</FirstQuarterTaxLiabilityAmt>
      <SecondQuarterTaxLiabilityAmt>168.04</SecondQuarterTaxLiabilityAmt>
      <ThirdQuarterTaxLiabilityAmt>0.00</ThirdQuarterTaxLiabilityAmt>
      <FourthQuarterTaxLiabilityAmt>0.00</FourthQuarterTaxLiabilityAmt>
      <TotalTaxLiabilityAmt>168.04</TotalTaxLiabilityAmt>
    </IRS940_940PR>
    <IRS940ScheduleA documentId="IRS940ScheduleA" documentName="IRS940ScheduleA">
      <CreditReductionGrp>
        <FUTAStateCd>IN</FUTAStateCd>
        <TotalTaxableFUTAWagesAmt>28000.00</TotalTaxableFUTAWagesAmt>
        <CreditReductionRt>0.015</CreditReductionRt>
        <CreditReductionAmt>420.00</CreditReductionAmt>
      </CreditReductionGrp>
      <CreditReductionGrp>
        <FUTAStateCd>VT</FUTAStateCd>
      </CreditReductionGrp>
      <TotalCreditReductionWagesAmt>28000.00</TotalCreditReductionWagesAmt>
      <TotalCreditReductionAmt>420.00</TotalCreditReductionAmt>
    </IRS940ScheduleA>
    <IRSPayment2 documentId="IRSPayment2" documentName="IRSPayment2">
      <RoutingTransitNum>011600020</RoutingTransitNum>
      <BankAccountNum>1916519</BankAccountNum>
      <BankAccountTypeCd>1</BankAccountTypeCd>
      <PaymentAmt>588.00</PaymentAmt>
      <RequestedPaymentDt>2015-01-27</RequestedPaymentDt>
      <TaxpayerDaytimePhoneNum>8023387341</TaxpayerDaytimePhoneNum>
    </IRSPayment2>
  </ReturnData>
</Return>
